{
  "search": {
    "als": {
      "5": 0.7743880358486153,
      "10": 0.7917863599129282,
      "20": 0.7917863599129282
    },
    "position_baseline": {
      "5": 0.5674268219242464,
      "10": 0.6533947926153804,
      "20": 0.6533947926153804
    },
    "random_baseline": {
      "5": 0.3330348481316499,
      "10": 0.5137962118862807,
      "20": 0.5137962118862807
    }
  },
  "homepage": {
    "als": {
      "5": 0.7223472312161742,
      "10": 0.741348087104024,
      "20": 0.741348087104024
    },
    "position_baseline": {
      "5": 0.531264926913974,
      "10": 0.6136990429329194,
      "20": 0.6136990429329194
    },
    "random_baseline": {
      "5": 0.3142372973938412,
      "10": 0.48504477716563094,
      "20": 0.48504477716563094
    }
  }
}