{
  "search": {
    "als": {
      "5": 0.8183644042228427,
      "10": 0.8263638513282251,
      "20": 0.8263638513282251
    },
    "position_baseline": {
      "5": 0.5679454900180833,
      "10": 0.6544571139232495,
      "20": 0.6544571139232495
    },
    "random_baseline": {
      "5": 0.33508376304310783,
      "10": 0.5156535510679056,
      "20": 0.5156535510679056
    }
  },
  "homepage": {
    "als": {
      "5": 0.7666946653107665,
      "10": 0.7747838083739536,
      "20": 0.7747838083739536
    },
    "position_baseline": {
      "5": 0.5307327826405374,
      "10": 0.6134519019230599,
      "20": 0.6134519019230599
    },
    "random_baseline": {
      "5": 0.3136389850565366,
      "10": 0.4845717692547963,
      "20": 0.4845717692547963
    }
  }
}